class,precision,recall,f1,support
iron,0.7941176470588235,0.6835443037974683,0.7346938775510204,79
no_golf,0.995049504950495,0.995049504950495,0.995049504950495,202
wood,0.927536231884058,0.9580838323353293,0.9425625920471281,334
