class,precision,recall,f1,support
iron,0.8732394366197183,0.7848101265822784,0.8266666666666667,79
no_golf,0.9948453608247423,1.0,0.9974160206718347,193
wood,0.9502923976608187,0.9701492537313433,0.9601181683899557,335
