class,precision,recall,f1,support
iron,0.76,0.9620253164556962,0.8491620111731844,79
no_golf,1.0,1.0,1.0,9
wood,0.9482758620689655,0.6962025316455697,0.8029197080291971,79
