class,precision,recall,f1,support
iron,0.6626506024096386,0.6962025316455697,0.6790123456790124,79
wood,0.9274924471299094,0.9164179104477612,0.9219219219219219,335
