epoch,train_loss,train_accuracy,validation_loss,validation_accuracy
1,0.6224779637679381,0.7320872274143302,0.5443781349394057,0.8188405797101449
2,0.5112231828713343,0.8234683281412254,0.4593392999995734,0.8429951690821256
3,0.4303056797320226,0.8556593977154725,0.3916706761732194,0.8743961352657005
4,0.35625298827236684,0.897196261682243,0.4335383185082012,0.8913043478260869
5,0.30748060410639205,0.9055036344755971,0.3965526852522783,0.893719806763285
6,0.2566615484678114,0.9241952232606438,0.42324077370374097,0.9033816425120773
7,0.20495841488230543,0.9335410176531672,0.4920871802898133,0.7874396135265701
8,0.07485069041860871,0.9792315680166147,0.46727631376507345,0.8961352657004831
9,0.037573224760936275,0.9875389408099688,0.6132165598351248,0.9130434782608695
